settlement_id,record_type,local_identifier,zoho_id,zoho_number,reference_number,status,created_date
23874396421,JOURNAL,23874396421,73985000000430759,,23874396421,POSTED,2025-10-30T18:23:33.169435
23874397121,JOURNAL,23874397121,73985000000424768,,23874397121,POSTED,2025-10-30T18:23:35.848326
23874397121,INVOICE,AMZN6751437,,AMZN6751437,23874397121,NOT_POSTED,2025-10-30T18:23:35.848346
23874397121,PAYMENT,23874397121,,,23874397121,NOT_POSTED,2025-10-30T18:23:35.848354
24288684721,JOURNAL,24288684721,73985000000424836,,24288684721,POSTED,2025-10-30T18:23:39.455895
24288684721,INVOICE,AMZN0001022,,AMZN0001022,24288684721,NOT_POSTED,2025-10-30T18:23:39.455909
24288684721,INVOICE,AMZN1011436,,AMZN1011436,24288684721,NOT_POSTED,2025-10-30T18:23:39.455913
24288684721,INVOICE,AMZN1108225,,AMZN1108225,24288684721,NOT_POSTED,2025-10-30T18:23:39.455917
24288684721,INVOICE,AMZN1141052,,AMZN1141052,24288684721,NOT_POSTED,2025-10-30T18:23:39.455920
24288684721,INVOICE,AMZN1371678,,AMZN1371678,24288684721,NOT_POSTED,2025-10-30T18:23:39.455924
24288684721,INVOICE,AMZN1737843,,AMZN1737843,24288684721,NOT_POSTED,2025-10-30T18:23:39.455927
24288684721,INVOICE,AMZN1750629,,AMZN1750629,24288684721,NOT_POSTED,2025-10-30T18:23:39.455930
24288684721,INVOICE,AMZN2040201,,AMZN2040201,24288684721,NOT_POSTED,2025-10-30T18:23:39.455934
24288684721,INVOICE,AMZN2315442,,AMZN2315442,24288684721,NOT_POSTED,2025-10-30T18:23:39.455937
24288684721,INVOICE,AMZN2464206,,AMZN2464206,24288684721,NOT_POSTED,2025-10-30T18:23:39.455940
24288684721,INVOICE,AMZN2531406,,AMZN2531406,24288684721,NOT_POSTED,2025-10-30T18:23:39.455944
24288684721,INVOICE,AMZN2780236,,AMZN2780236,24288684721,NOT_POSTED,2025-10-30T18:23:39.455947
24288684721,INVOICE,AMZN3899435,,AMZN3899435,24288684721,NOT_POSTED,2025-10-30T18:23:39.455950
24288684721,INVOICE,AMZN3932270,,AMZN3932270,24288684721,NOT_POSTED,2025-10-30T18:23:39.455953
24288684721,INVOICE,AMZN4170635,,AMZN4170635,24288684721,NOT_POSTED,2025-10-30T18:23:39.455957
24288684721,INVOICE,AMZN4176203,,AMZN4176203,24288684721,NOT_POSTED,2025-10-30T18:23:39.455960
24288684721,INVOICE,AMZN4274615,,AMZN4274615,24288684721,NOT_POSTED,2025-10-30T18:23:39.455963
24288684721,INVOICE,AMZN4670666,,AMZN4670666,24288684721,NOT_POSTED,2025-10-30T18:23:39.455966
24288684721,INVOICE,AMZN4926633,,AMZN4926633,24288684721,NOT_POSTED,2025-10-30T18:23:39.455970
24288684721,INVOICE,AMZN4976266,,AMZN4976266,24288684721,NOT_POSTED,2025-10-30T18:23:39.455973
24288684721,INVOICE,AMZN5082704,,AMZN5082704,24288684721,NOT_POSTED,2025-10-30T18:23:39.455976
24288684721,INVOICE,AMZN6013037,,AMZN6013037,24288684721,NOT_POSTED,2025-10-30T18:23:39.455980
24288684721,INVOICE,AMZN6027403,,AMZN6027403,24288684721,NOT_POSTED,2025-10-30T18:23:39.455983
24288684721,INVOICE,AMZN6086626,,AMZN6086626,24288684721,NOT_POSTED,2025-10-30T18:23:39.455986
24288684721,INVOICE,AMZN6596260,,AMZN6596260,24288684721,NOT_POSTED,2025-10-30T18:23:39.455989
24288684721,INVOICE,AMZN6657829,,AMZN6657829,24288684721,NOT_POSTED,2025-10-30T18:23:39.455993
24288684721,INVOICE,AMZN6949825,,AMZN6949825,24288684721,NOT_POSTED,2025-10-30T18:23:39.455996
24288684721,INVOICE,AMZN7077824,,AMZN7077824,24288684721,NOT_POSTED,2025-10-30T18:23:39.455999
24288684721,INVOICE,AMZN7561831,,AMZN7561831,24288684721,NOT_POSTED,2025-10-30T18:23:39.456002
24288684721,INVOICE,AMZN7898625,,AMZN7898625,24288684721,NOT_POSTED,2025-10-30T18:23:39.456005
24288684721,INVOICE,AMZN7931465,,AMZN7931465,24288684721,NOT_POSTED,2025-10-30T18:23:39.456008
24288684721,INVOICE,AMZN8021855,,AMZN8021855,24288684721,NOT_POSTED,2025-10-30T18:23:39.456012
24288684721,INVOICE,AMZN8278660,,AMZN8278660,24288684721,NOT_POSTED,2025-10-30T18:23:39.456015
24288684721,INVOICE,AMZN8912250,,AMZN8912250,24288684721,NOT_POSTED,2025-10-30T18:23:39.456018
24288684721,INVOICE,AMZN9809069,,AMZN9809069,24288684721,NOT_POSTED,2025-10-30T18:23:39.456021
24288684721,INVOICE,AMZN9915433,,AMZN9915433,24288684721,NOT_POSTED,2025-10-30T18:23:39.456024
24288684721,PAYMENT,24288684721,,,24288684721,NOT_POSTED,2025-10-30T18:23:39.456028
24391894961,JOURNAL,24391894961,,,24391894961,NOT_POSTED,2025-10-30T18:23:42.427813
24391894961,INVOICE,AMZN0046613,,AMZN0046613,24391894961,NOT_POSTED,2025-10-30T18:23:42.427826
24391894961,INVOICE,AMZN0198669,,AMZN0198669,24391894961,NOT_POSTED,2025-10-30T18:23:42.427830
24391894961,INVOICE,AMZN0220267,,AMZN0220267,24391894961,NOT_POSTED,2025-10-30T18:23:42.427833
24391894961,INVOICE,AMZN0250631,,AMZN0250631,24391894961,NOT_POSTED,2025-10-30T18:23:42.427836
24391894961,INVOICE,AMZN0346635,,AMZN0346635,24391894961,NOT_POSTED,2025-10-30T18:23:42.427840
24391894961,INVOICE,AMZN0421860,,AMZN0421860,24391894961,NOT_POSTED,2025-10-30T18:23:42.427843
24391894961,INVOICE,AMZN0482659,,AMZN0482659,24391894961,NOT_POSTED,2025-10-30T18:23:42.427846
24391894961,INVOICE,AMZN0517844,,AMZN0517844,24391894961,NOT_POSTED,2025-10-30T18:23:42.427850
24391894961,INVOICE,AMZN0669026,,AMZN0669026,24391894961,NOT_POSTED,2025-10-30T18:23:42.427853
24391894961,INVOICE,AMZN0719458,,AMZN0719458,24391894961,NOT_POSTED,2025-10-30T18:23:42.427856
24391894961,INVOICE,AMZN0798647,,AMZN0798647,24391894961,NOT_POSTED,2025-10-30T18:23:42.427860
24391894961,INVOICE,AMZN0956253,,AMZN0956253,24391894961,NOT_POSTED,2025-10-30T18:23:42.427863
24391894961,INVOICE,AMZN0987469,,AMZN0987469,24391894961,NOT_POSTED,2025-10-30T18:23:42.427866
24391894961,INVOICE,AMZN1101826,,AMZN1101826,24391894961,NOT_POSTED,2025-10-30T18:23:42.427870
24391894961,INVOICE,AMZN1137035,,AMZN1137035,24391894961,NOT_POSTED,2025-10-30T18:23:42.427873
24391894961,INVOICE,AMZN1158631,,AMZN1158631,24391894961,NOT_POSTED,2025-10-30T18:23:42.427876
24391894961,INVOICE,AMZN1222614,,AMZN1222614,24391894961,NOT_POSTED,2025-10-30T18:23:42.427880
24391894961,INVOICE,AMZN1235459,,AMZN1235459,24391894961,NOT_POSTED,2025-10-30T18:23:42.427883
24391894961,INVOICE,AMZN1257030,,AMZN1257030,24391894961,NOT_POSTED,2025-10-30T18:23:42.427887
24391894961,INVOICE,AMZN1261839,,AMZN1261839,24391894961,NOT_POSTED,2025-10-30T18:23:42.427890
24391894961,INVOICE,AMZN1658633,,AMZN1658633,24391894961,NOT_POSTED,2025-10-30T18:23:42.427894
24391894961,INVOICE,AMZN2070628,,AMZN2070628,24391894961,NOT_POSTED,2025-10-30T18:23:42.427897
24391894961,INVOICE,AMZN2088212,,AMZN2088212,24391894961,NOT_POSTED,2025-10-30T18:23:42.427902
24391894961,INVOICE,AMZN2152201,,AMZN2152201,24391894961,NOT_POSTED,2025-10-30T18:23:42.427905
24391894961,INVOICE,AMZN2281016,,AMZN2281016,24391894961,NOT_POSTED,2025-10-30T18:23:42.427908
24391894961,INVOICE,AMZN2360215,,AMZN2360215,24391894961,NOT_POSTED,2025-10-30T18:23:42.427911
24391894961,INVOICE,AMZN2429800,,AMZN2429800,24391894961,NOT_POSTED,2025-10-30T18:23:42.427915
24391894961,INVOICE,AMZN2530629,,AMZN2530629,24391894961,NOT_POSTED,2025-10-30T18:23:42.427918
24391894961,INVOICE,AMZN2583441,,AMZN2583441,24391894961,NOT_POSTED,2025-10-30T18:23:42.427921
24391894961,INVOICE,AMZN2693034,,AMZN2693034,24391894961,NOT_POSTED,2025-10-30T18:23:42.427924
24391894961,INVOICE,AMZN2825843,,AMZN2825843,24391894961,NOT_POSTED,2025-10-30T18:23:42.427928
24391894961,INVOICE,AMZN2918621,,AMZN2918621,24391894961,NOT_POSTED,2025-10-30T18:23:42.427931
24391894961,INVOICE,AMZN3023422,,AMZN3023422,24391894961,NOT_POSTED,2025-10-30T18:23:42.427934
24391894961,INVOICE,AMZN3066651,,AMZN3066651,24391894961,NOT_POSTED,2025-10-30T18:23:42.427938
24391894961,INVOICE,AMZN3149825,,AMZN3149825,24391894961,NOT_POSTED,2025-10-30T18:23:42.427942
24391894961,INVOICE,AMZN3173825,,AMZN3173825,24391894961,NOT_POSTED,2025-10-30T18:23:42.427945
24391894961,INVOICE,AMZN3250656,,AMZN3250656,24391894961,NOT_POSTED,2025-10-30T18:23:42.427948
24391894961,INVOICE,AMZN3317810,,AMZN3317810,24391894961,NOT_POSTED,2025-10-30T18:23:42.427952
24391894961,INVOICE,AMZN3436254,,AMZN3436254,24391894961,NOT_POSTED,2025-10-30T18:23:42.427955
24391894961,INVOICE,AMZN3485022,,AMZN3485022,24391894961,NOT_POSTED,2025-10-30T18:23:42.427958
24391894961,INVOICE,AMZN3845864,,AMZN3845864,24391894961,NOT_POSTED,2025-10-30T18:23:42.427962
24391894961,INVOICE,AMZN3949017,,AMZN3949017,24391894961,NOT_POSTED,2025-10-30T18:23:42.427965
24391894961,INVOICE,AMZN4169855,,AMZN4169855,24391894961,NOT_POSTED,2025-10-30T18:23:42.427968
24391894961,INVOICE,AMZN4263438,,AMZN4263438,24391894961,NOT_POSTED,2025-10-30T18:23:42.427972
24391894961,INVOICE,AMZN4288202,,AMZN4288202,24391894961,NOT_POSTED,2025-10-30T18:23:42.427975
24391894961,INVOICE,AMZN4309067,,AMZN4309067,24391894961,NOT_POSTED,2025-10-30T18:23:42.427978
24391894961,INVOICE,AMZN4383453,,AMZN4383453,24391894961,NOT_POSTED,2025-10-30T18:23:42.427981
24391894961,INVOICE,AMZN4460228,,AMZN4460228,24391894961,NOT_POSTED,2025-10-30T18:23:42.427985
24391894961,INVOICE,AMZN4664263,,AMZN4664263,24391894961,NOT_POSTED,2025-10-30T18:23:42.427988
24391894961,INVOICE,AMZN4685033,,AMZN4685033,24391894961,NOT_POSTED,2025-10-30T18:23:42.427991
24391894961,INVOICE,AMZN4690607,,AMZN4690607,24391894961,NOT_POSTED,2025-10-30T18:23:42.427995
24391894961,INVOICE,AMZN4721055,,AMZN4721055,24391894961,NOT_POSTED,2025-10-30T18:23:42.427998
24391894961,INVOICE,AMZN4901841,,AMZN4901841,24391894961,NOT_POSTED,2025-10-30T18:23:42.428001
24391894961,INVOICE,AMZN5097815,,AMZN5097815,24391894961,NOT_POSTED,2025-10-30T18:23:42.428005
24391894961,INVOICE,AMZN5121067,,AMZN5121067,24391894961,NOT_POSTED,2025-10-30T18:23:42.428008
24391894961,INVOICE,AMZN5216262,,AMZN5216262,24391894961,NOT_POSTED,2025-10-30T18:23:42.428011
24391894961,INVOICE,AMZN5232255,,AMZN5232255,24391894961,NOT_POSTED,2025-10-30T18:23:42.428014
24391894961,INVOICE,AMZN5240248,,AMZN5240248,24391894961,NOT_POSTED,2025-10-30T18:23:42.428018
24391894961,INVOICE,AMZN5257821,,AMZN5257821,24391894961,NOT_POSTED,2025-10-30T18:23:42.428021
24391894961,INVOICE,AMZN5263404,,AMZN5263404,24391894961,NOT_POSTED,2025-10-30T18:23:42.428024
24391894961,INVOICE,AMZN5289017,,AMZN5289017,24391894961,NOT_POSTED,2025-10-30T18:23:42.428027
24391894961,INVOICE,AMZN5313846,,AMZN5313846,24391894961,NOT_POSTED,2025-10-30T18:23:42.428031
24391894961,INVOICE,AMZN5540245,,AMZN5540245,24391894961,NOT_POSTED,2025-10-30T18:23:42.428034
24391894961,INVOICE,AMZN5544235,,AMZN5544235,24391894961,NOT_POSTED,2025-10-30T18:23:42.428037
24391894961,INVOICE,AMZN5584241,,AMZN5584241,24391894961,NOT_POSTED,2025-10-30T18:23:42.428040
24391894961,INVOICE,AMZN5627437,,AMZN5627437,24391894961,NOT_POSTED,2025-10-30T18:23:42.428043
24391894961,INVOICE,AMZN5865067,,AMZN5865067,24391894961,NOT_POSTED,2025-10-30T18:23:42.428047
24391894961,INVOICE,AMZN5887442,,AMZN5887442,24391894961,NOT_POSTED,2025-10-30T18:23:42.428050
24391894961,INVOICE,AMZN5897056,,AMZN5897056,24391894961,NOT_POSTED,2025-10-30T18:23:42.428053
24391894961,INVOICE,AMZN5930661,,AMZN5930661,24391894961,NOT_POSTED,2025-10-30T18:23:42.428056
24391894961,INVOICE,AMZN6056244,,AMZN6056244,24391894961,NOT_POSTED,2025-10-30T18:23:42.428059
24391894961,INVOICE,AMZN6262637,,AMZN6262637,24391894961,NOT_POSTED,2025-10-30T18:23:42.428063
24391894961,INVOICE,AMZN6467418,,AMZN6467418,24391894961,NOT_POSTED,2025-10-30T18:23:42.428066
24391894961,INVOICE,AMZN6696215,,AMZN6696215,24391894961,NOT_POSTED,2025-10-30T18:23:42.428069
24391894961,INVOICE,AMZN6707413,,AMZN6707413,24391894961,NOT_POSTED,2025-10-30T18:23:42.428072
24391894961,INVOICE,AMZN6800247,,AMZN6800247,24391894961,NOT_POSTED,2025-10-30T18:23:42.428075
24391894961,INVOICE,AMZN6860248,,AMZN6860248,24391894961,NOT_POSTED,2025-10-30T18:23:42.428078
24391894961,INVOICE,AMZN6906636,,AMZN6906636,24391894961,NOT_POSTED,2025-10-30T18:23:42.428081
24391894961,INVOICE,AMZN7191431,,AMZN7191431,24391894961,NOT_POSTED,2025-10-30T18:23:42.428085
24391894961,INVOICE,AMZN7285048,,AMZN7285048,24391894961,NOT_POSTED,2025-10-30T18:23:42.428088
24391894961,INVOICE,AMZN7293847,,AMZN7293847,24391894961,NOT_POSTED,2025-10-30T18:23:42.428091
24391894961,INVOICE,AMZN7315405,,AMZN7315405,24391894961,NOT_POSTED,2025-10-30T18:23:42.428094
24391894961,INVOICE,AMZN7362642,,AMZN7362642,24391894961,NOT_POSTED,2025-10-30T18:23:42.428098
24391894961,INVOICE,AMZN7401864,,AMZN7401864,24391894961,NOT_POSTED,2025-10-30T18:23:42.428101
24391894961,INVOICE,AMZN7613814,,AMZN7613814,24391894961,NOT_POSTED,2025-10-30T18:23:42.428104
24391894961,INVOICE,AMZN7785045,,AMZN7785045,24391894961,NOT_POSTED,2025-10-30T18:23:42.428107
24391894961,INVOICE,AMZN7876222,,AMZN7876222,24391894961,NOT_POSTED,2025-10-30T18:23:42.428111
24391894961,INVOICE,AMZN7933867,,AMZN7933867,24391894961,NOT_POSTED,2025-10-30T18:23:42.428114
24391894961,INVOICE,AMZN8097850,,AMZN8097850,24391894961,NOT_POSTED,2025-10-30T18:23:42.428117
24391894961,INVOICE,AMZN8363444,,AMZN8363444,24391894961,NOT_POSTED,2025-10-30T18:23:42.428120
24391894961,INVOICE,AMZN8502622,,AMZN8502622,24391894961,NOT_POSTED,2025-10-30T18:23:42.428124
24391894961,INVOICE,AMZN8520258,,AMZN8520258,24391894961,NOT_POSTED,2025-10-30T18:23:42.428127
24391894961,INVOICE,AMZN8692211,,AMZN8692211,24391894961,NOT_POSTED,2025-10-30T18:23:42.428130
24391894961,INVOICE,AMZN8791470,,AMZN8791470,24391894961,NOT_POSTED,2025-10-30T18:23:42.428133
24391894961,INVOICE,AMZN9080251,,AMZN9080251,24391894961,NOT_POSTED,2025-10-30T18:23:42.428137
24391894961,INVOICE,AMZN9302633,,AMZN9302633,24391894961,NOT_POSTED,2025-10-30T18:23:42.428140
24391894961,INVOICE,AMZN9365851,,AMZN9365851,24391894961,NOT_POSTED,2025-10-30T18:23:42.428143
24391894961,INVOICE,AMZN9387418,,AMZN9387418,24391894961,NOT_POSTED,2025-10-30T18:23:42.428146
24391894961,INVOICE,AMZN9599408,,AMZN9599408,24391894961,NOT_POSTED,2025-10-30T18:23:42.428150
24391894961,INVOICE,AMZN9622624,,AMZN9622624,24391894961,NOT_POSTED,2025-10-30T18:23:42.428153
24391894961,INVOICE,AMZN9657012,,AMZN9657012,24391894961,NOT_POSTED,2025-10-30T18:23:42.428156
24391894961,INVOICE,AMZN9691467,,AMZN9691467,24391894961,NOT_POSTED,2025-10-30T18:23:42.428159
24391894961,INVOICE,AMZN9775406,,AMZN9775406,24391894961,NOT_POSTED,2025-10-30T18:23:42.428163
24391894961,INVOICE,AMZN9949808,,AMZN9949808,24391894961,NOT_POSTED,2025-10-30T18:23:42.428166
24391894961,PAYMENT,24391894961,,,24391894961,NOT_POSTED,2025-10-30T18:23:42.428170
24495221541,JOURNAL,24495221541,,,24495221541,NOT_POSTED,2025-10-30T18:23:45.392865
24495221541,INVOICE,AMZN0000222,,AMZN0000222,24495221541,NOT_POSTED,2025-10-30T18:23:45.392878
24495221541,INVOICE,AMZN0096258,,AMZN0096258,24495221541,NOT_POSTED,2025-10-30T18:23:45.392883
24495221541,INVOICE,AMZN0153025,,AMZN0153025,24495221541,NOT_POSTED,2025-10-30T18:23:45.392886
24495221541,INVOICE,AMZN0162615,,AMZN0162615,24495221541,NOT_POSTED,2025-10-30T18:23:45.392889
24495221541,INVOICE,AMZN0169840,,AMZN0169840,24495221541,NOT_POSTED,2025-10-30T18:23:45.392893
24495221541,INVOICE,AMZN0212429,,AMZN0212429,24495221541,NOT_POSTED,2025-10-30T18:23:45.392896
24495221541,INVOICE,AMZN0225835,,AMZN0225835,24495221541,NOT_POSTED,2025-10-30T18:23:45.392899
24495221541,INVOICE,AMZN0347405,,AMZN0347405,24495221541,NOT_POSTED,2025-10-30T18:23:45.392903
24495221541,INVOICE,AMZN0381043,,AMZN0381043,24495221541,NOT_POSTED,2025-10-30T18:23:45.392906
24495221541,INVOICE,AMZN0388246,,AMZN0388246,24495221541,NOT_POSTED,2025-10-30T18:23:45.392909
24495221541,INVOICE,AMZN0453049,,AMZN0453049,24495221541,NOT_POSTED,2025-10-30T18:23:45.392913
24495221541,INVOICE,AMZN0544239,,AMZN0544239,24495221541,NOT_POSTED,2025-10-30T18:23:45.392916
24495221541,INVOICE,AMZN0566651,,AMZN0566651,24495221541,NOT_POSTED,2025-10-30T18:23:45.392919
24495221541,INVOICE,AMZN0830629,,AMZN0830629,24495221541,NOT_POSTED,2025-10-30T18:23:45.392923
24495221541,INVOICE,AMZN1057842,,AMZN1057842,24495221541,NOT_POSTED,2025-10-30T18:23:45.392926
24495221541,INVOICE,AMZN1084235,,AMZN1084235,24495221541,NOT_POSTED,2025-10-30T18:23:45.392929
24495221541,INVOICE,AMZN1088208,,AMZN1088208,24495221541,NOT_POSTED,2025-10-30T18:23:45.392933
24495221541,INVOICE,AMZN1123433,,AMZN1123433,24495221541,NOT_POSTED,2025-10-30T18:23:45.392936
24495221541,INVOICE,AMZN1185034,,AMZN1185034,24495221541,NOT_POSTED,2025-10-30T18:23:45.392940
24495221541,INVOICE,AMZN1488267,,AMZN1488267,24495221541,NOT_POSTED,2025-10-30T18:23:45.392943
24495221541,INVOICE,AMZN1633804,,AMZN1633804,24495221541,NOT_POSTED,2025-10-30T18:23:45.392946
24495221541,INVOICE,AMZN1642662,,AMZN1642662,24495221541,NOT_POSTED,2025-10-30T18:23:45.392950
24495221541,INVOICE,AMZN1663413,,AMZN1663413,24495221541,NOT_POSTED,2025-10-30T18:23:45.392953
24495221541,INVOICE,AMZN1695428,,AMZN1695428,24495221541,NOT_POSTED,2025-10-30T18:23:45.392956
24495221541,INVOICE,AMZN1731413,,AMZN1731413,24495221541,NOT_POSTED,2025-10-30T18:23:45.392960
24495221541,INVOICE,AMZN1963427,,AMZN1963427,24495221541,NOT_POSTED,2025-10-30T18:23:45.392963
24495221541,INVOICE,AMZN2001835,,AMZN2001835,24495221541,NOT_POSTED,2025-10-30T18:23:45.392967
24495221541,INVOICE,AMZN2046639,,AMZN2046639,24495221541,NOT_POSTED,2025-10-30T18:23:45.392970
24495221541,INVOICE,AMZN2082669,,AMZN2082669,24495221541,NOT_POSTED,2025-10-30T18:23:45.392974
24495221541,INVOICE,AMZN2085822,,AMZN2085822,24495221541,NOT_POSTED,2025-10-30T18:23:45.392977
24495221541,INVOICE,AMZN2109021,,AMZN2109021,24495221541,NOT_POSTED,2025-10-30T18:23:45.392980
24495221541,INVOICE,AMZN2141003,,AMZN2141003,24495221541,NOT_POSTED,2025-10-30T18:23:45.392984
24495221541,INVOICE,AMZN2141044,,AMZN2141044,24495221541,NOT_POSTED,2025-10-30T18:23:45.392987
24495221541,INVOICE,AMZN2145048,,AMZN2145048,24495221541,NOT_POSTED,2025-10-30T18:23:45.392990
24495221541,INVOICE,AMZN2182632,,AMZN2182632,24495221541,NOT_POSTED,2025-10-30T18:23:45.392994
24495221541,INVOICE,AMZN2200218,,AMZN2200218,24495221541,NOT_POSTED,2025-10-30T18:23:45.392997
24495221541,INVOICE,AMZN2265866,,AMZN2265866,24495221541,NOT_POSTED,2025-10-30T18:23:45.393000
24495221541,INVOICE,AMZN2285052,,AMZN2285052,24495221541,NOT_POSTED,2025-10-30T18:23:45.393003
24495221541,INVOICE,AMZN2304207,,AMZN2304207,24495221541,NOT_POSTED,2025-10-30T18:23:45.393007
24495221541,INVOICE,AMZN2313806,,AMZN2313806,24495221541,NOT_POSTED,2025-10-30T18:23:45.393010
24495221541,INVOICE,AMZN2406665,,AMZN2406665,24495221541,NOT_POSTED,2025-10-30T18:23:45.393013
24495221541,INVOICE,AMZN2465869,,AMZN2465869,24495221541,NOT_POSTED,2025-10-30T18:23:45.393016
24495221541,INVOICE,AMZN2485865,,AMZN2485865,24495221541,NOT_POSTED,2025-10-30T18:23:45.393020
24495221541,INVOICE,AMZN2581828,,AMZN2581828,24495221541,NOT_POSTED,2025-10-30T18:23:45.393023
24495221541,INVOICE,AMZN2585804,,AMZN2585804,24495221541,NOT_POSTED,2025-10-30T18:23:45.393026
24495221541,INVOICE,AMZN2659409,,AMZN2659409,24495221541,NOT_POSTED,2025-10-30T18:23:45.393029
24495221541,INVOICE,AMZN2666632,,AMZN2666632,24495221541,NOT_POSTED,2025-10-30T18:23:45.393033
24495221541,INVOICE,AMZN2704219,,AMZN2704219,24495221541,NOT_POSTED,2025-10-30T18:23:45.393036
24495221541,INVOICE,AMZN2709851,,AMZN2709851,24495221541,NOT_POSTED,2025-10-30T18:23:45.393039
24495221541,INVOICE,AMZN2756210,,AMZN2756210,24495221541,NOT_POSTED,2025-10-30T18:23:45.393043
24495221541,INVOICE,AMZN2793026,,AMZN2793026,24495221541,NOT_POSTED,2025-10-30T18:23:45.393046
24495221541,INVOICE,AMZN2837823,,AMZN2837823,24495221541,NOT_POSTED,2025-10-30T18:23:45.393049
24495221541,INVOICE,AMZN2928204,,AMZN2928204,24495221541,NOT_POSTED,2025-10-30T18:23:45.393053
24495221541,INVOICE,AMZN2944264,,AMZN2944264,24495221541,NOT_POSTED,2025-10-30T18:23:45.393057
24495221541,INVOICE,AMZN3134615,,AMZN3134615,24495221541,NOT_POSTED,2025-10-30T18:23:45.393060
24495221541,INVOICE,AMZN3193069,,AMZN3193069,24495221541,NOT_POSTED,2025-10-30T18:23:45.393063
24495221541,INVOICE,AMZN3241041,,AMZN3241041,24495221541,NOT_POSTED,2025-10-30T18:23:45.393066
24495221541,INVOICE,AMZN3345056,,AMZN3345056,24495221541,NOT_POSTED,2025-10-30T18:23:45.393070
24495221541,INVOICE,AMZN3391452,,AMZN3391452,24495221541,NOT_POSTED,2025-10-30T18:23:45.393073
24495221541,INVOICE,AMZN3420261,,AMZN3420261,24495221541,NOT_POSTED,2025-10-30T18:23:45.393076
24495221541,INVOICE,AMZN3571400,,AMZN3571400,24495221541,NOT_POSTED,2025-10-30T18:23:45.393079
24495221541,INVOICE,AMZN3589859,,AMZN3589859,24495221541,NOT_POSTED,2025-10-30T18:23:45.393082
24495221541,INVOICE,AMZN3681842,,AMZN3681842,24495221541,NOT_POSTED,2025-10-30T18:23:45.393086
24495221541,INVOICE,AMZN3763410,,AMZN3763410,24495221541,NOT_POSTED,2025-10-30T18:23:45.393089
24495221541,INVOICE,AMZN3885804,,AMZN3885804,24495221541,NOT_POSTED,2025-10-30T18:23:45.393092
24495221541,INVOICE,AMZN3959459,,AMZN3959459,24495221541,NOT_POSTED,2025-10-30T18:23:45.393095
24495221541,INVOICE,AMZN3981015,,AMZN3981015,24495221541,NOT_POSTED,2025-10-30T18:23:45.393098
24495221541,INVOICE,AMZN4031465,,AMZN4031465,24495221541,NOT_POSTED,2025-10-30T18:23:45.393102
24495221541,INVOICE,AMZN4052246,,AMZN4052246,24495221541,NOT_POSTED,2025-10-30T18:23:45.393105
24495221541,INVOICE,AMZN4070629,,AMZN4070629,24495221541,NOT_POSTED,2025-10-30T18:23:45.393108
24495221541,INVOICE,AMZN4351435,,AMZN4351435,24495221541,NOT_POSTED,2025-10-30T18:23:45.393111
24495221541,INVOICE,AMZN4381035,,AMZN4381035,24495221541,NOT_POSTED,2025-10-30T18:23:45.393115
24495221541,INVOICE,AMZN4394628,,AMZN4394628,24495221541,NOT_POSTED,2025-10-30T18:23:45.393118
24495221541,INVOICE,AMZN4399437,,AMZN4399437,24495221541,NOT_POSTED,2025-10-30T18:23:45.393121
24495221541,INVOICE,AMZN4409862,,AMZN4409862,24495221541,NOT_POSTED,2025-10-30T18:23:45.393124
24495221541,INVOICE,AMZN4490604,,AMZN4490604,24495221541,NOT_POSTED,2025-10-30T18:23:45.393128
24495221541,INVOICE,AMZN4562613,,AMZN4562613,24495221541,NOT_POSTED,2025-10-30T18:23:45.393131
24495221541,INVOICE,AMZN4572204,,AMZN4572204,24495221541,NOT_POSTED,2025-10-30T18:23:45.393134
24495221541,INVOICE,AMZN4585016,,AMZN4585016,24495221541,NOT_POSTED,2025-10-30T18:23:45.393137
24495221541,INVOICE,AMZN4609019,,AMZN4609019,24495221541,NOT_POSTED,2025-10-30T18:23:45.393140
24495221541,INVOICE,AMZN4853866,,AMZN4853866,24495221541,NOT_POSTED,2025-10-30T18:23:45.393144
24495221541,INVOICE,AMZN4880250,,AMZN4880250,24495221541,NOT_POSTED,2025-10-30T18:23:45.393147
24495221541,INVOICE,AMZN4945046,,AMZN4945046,24495221541,NOT_POSTED,2025-10-30T18:23:45.393150
24495221541,INVOICE,AMZN4973052,,AMZN4973052,24495221541,NOT_POSTED,2025-10-30T18:23:45.393153
24495221541,INVOICE,AMZN4976266,,AMZN4976266,24495221541,NOT_POSTED,2025-10-30T18:23:45.393157
24495221541,INVOICE,AMZN5048254,,AMZN5048254,24495221541,NOT_POSTED,2025-10-30T18:23:45.393161
24495221541,INVOICE,AMZN5077027,,AMZN5077027,24495221541,NOT_POSTED,2025-10-30T18:23:45.393164
24495221541,INVOICE,AMZN5225065,,AMZN5225065,24495221541,NOT_POSTED,2025-10-30T18:23:45.393167
24495221541,INVOICE,AMZN5307411,,AMZN5307411,24495221541,NOT_POSTED,2025-10-30T18:23:45.393170
24495221541,INVOICE,AMZN5441815,,AMZN5441815,24495221541,NOT_POSTED,2025-10-30T18:23:45.393173
24495221541,INVOICE,AMZN5471408,,AMZN5471408,24495221541,NOT_POSTED,2025-10-30T18:23:45.393177
24495221541,INVOICE,AMZN5485855,,AMZN5485855,24495221541,NOT_POSTED,2025-10-30T18:23:45.393180
24495221541,INVOICE,AMZN5508228,,AMZN5508228,24495221541,NOT_POSTED,2025-10-30T18:23:45.393183
24495221541,INVOICE,AMZN5508243,,AMZN5508243,24495221541,NOT_POSTED,2025-10-30T18:23:45.393186
24495221541,INVOICE,AMZN5525846,,AMZN5525846,24495221541,NOT_POSTED,2025-10-30T18:23:45.393190
24495221541,INVOICE,AMZN5546652,,AMZN5546652,24495221541,NOT_POSTED,2025-10-30T18:23:45.393193
24495221541,INVOICE,AMZN5566665,,AMZN5566665,24495221541,NOT_POSTED,2025-10-30T18:23:45.393196
24495221541,INVOICE,AMZN5631466,,AMZN5631466,24495221541,NOT_POSTED,2025-10-30T18:23:45.393199
24495221541,INVOICE,AMZN5746669,,AMZN5746669,24495221541,NOT_POSTED,2025-10-30T18:23:45.393202
24495221541,INVOICE,AMZN5788226,,AMZN5788226,24495221541,NOT_POSTED,2025-10-30T18:23:45.393206
24495221541,INVOICE,AMZN5878654,,AMZN5878654,24495221541,NOT_POSTED,2025-10-30T18:23:45.393209
24495221541,INVOICE,AMZN6447462,,AMZN6447462,24495221541,NOT_POSTED,2025-10-30T18:23:45.393212
24495221541,INVOICE,AMZN6464206,,AMZN6464206,24495221541,NOT_POSTED,2025-10-30T18:23:45.393215
24495221541,INVOICE,AMZN6685035,,AMZN6685035,24495221541,NOT_POSTED,2025-10-30T18:23:45.393219
24495221541,INVOICE,AMZN6690622,,AMZN6690622,24495221541,NOT_POSTED,2025-10-30T18:23:45.393222
24495221541,INVOICE,AMZN6791445,,AMZN6791445,24495221541,NOT_POSTED,2025-10-30T18:23:45.393225
24495221541,INVOICE,AMZN6847436,,AMZN6847436,24495221541,NOT_POSTED,2025-10-30T18:23:45.393229
24495221541,INVOICE,AMZN6932254,,AMZN6932254,24495221541,NOT_POSTED,2025-10-30T18:23:45.393232
24495221541,INVOICE,AMZN7052260,,AMZN7052260,24495221541,NOT_POSTED,2025-10-30T18:23:45.393235
24495221541,INVOICE,AMZN7178647,,AMZN7178647,24495221541,NOT_POSTED,2025-10-30T18:23:45.393238
24495221541,INVOICE,AMZN7413809,,AMZN7413809,24495221541,NOT_POSTED,2025-10-30T18:23:45.393242
24495221541,INVOICE,AMZN7542648,,AMZN7542648,24495221541,NOT_POSTED,2025-10-30T18:23:45.393245
24495221541,INVOICE,AMZN7641811,,AMZN7641811,24495221541,NOT_POSTED,2025-10-30T18:23:45.393248
24495221541,INVOICE,AMZN7647452,,AMZN7647452,24495221541,NOT_POSTED,2025-10-30T18:23:45.393251
24495221541,INVOICE,AMZN7655468,,AMZN7655468,24495221541,NOT_POSTED,2025-10-30T18:23:45.393254
24495221541,INVOICE,AMZN7822628,,AMZN7822628,24495221541,NOT_POSTED,2025-10-30T18:23:45.393258
24495221541,INVOICE,AMZN7907443,,AMZN7907443,24495221541,NOT_POSTED,2025-10-30T18:23:45.393261
24495221541,INVOICE,AMZN7931465,,AMZN7931465,24495221541,NOT_POSTED,2025-10-30T18:23:45.393264
24495221541,INVOICE,AMZN7969855,,AMZN7969855,24495221541,NOT_POSTED,2025-10-30T18:23:45.393267
24495221541,INVOICE,AMZN8032216,,AMZN8032216,24495221541,NOT_POSTED,2025-10-30T18:23:45.393270
24495221541,INVOICE,AMZN8068259,,AMZN8068259,24495221541,NOT_POSTED,2025-10-30T18:23:45.393274
24495221541,INVOICE,AMZN8113815,,AMZN8113815,24495221541,NOT_POSTED,2025-10-30T18:23:45.393277
24495221541,INVOICE,AMZN8114621,,AMZN8114621,24495221541,NOT_POSTED,2025-10-30T18:23:45.393281
24495221541,INVOICE,AMZN8209028,,AMZN8209028,24495221541,NOT_POSTED,2025-10-30T18:23:45.393284
24495221541,INVOICE,AMZN8264245,,AMZN8264245,24495221541,NOT_POSTED,2025-10-30T18:23:45.393287
24495221541,INVOICE,AMZN8272226,,AMZN8272226,24495221541,NOT_POSTED,2025-10-30T18:23:45.393290
24495221541,INVOICE,AMZN8314637,,AMZN8314637,24495221541,NOT_POSTED,2025-10-30T18:23:45.393293
24495221541,INVOICE,AMZN8413841,,AMZN8413841,24495221541,NOT_POSTED,2025-10-30T18:23:45.393296
24495221541,INVOICE,AMZN8455414,,AMZN8455414,24495221541,NOT_POSTED,2025-10-30T18:23:45.393300
24495221541,INVOICE,AMZN8650628,,AMZN8650628,24495221541,NOT_POSTED,2025-10-30T18:23:45.393303
24495221541,INVOICE,AMZN8732224,,AMZN8732224,24495221541,NOT_POSTED,2025-10-30T18:23:45.393306
24495221541,INVOICE,AMZN8741861,,AMZN8741861,24495221541,NOT_POSTED,2025-10-30T18:23:45.393309
24495221541,INVOICE,AMZN8897833,,AMZN8897833,24495221541,NOT_POSTED,2025-10-30T18:23:45.393312
24495221541,INVOICE,AMZN8953806,,AMZN8953806,24495221541,NOT_POSTED,2025-10-30T18:23:45.393315
24495221541,INVOICE,AMZN9019460,,AMZN9019460,24495221541,NOT_POSTED,2025-10-30T18:23:45.393319
24495221541,INVOICE,AMZN9043428,,AMZN9043428,24495221541,NOT_POSTED,2025-10-30T18:23:45.393322
24495221541,INVOICE,AMZN9073816,,AMZN9073816,24495221541,NOT_POSTED,2025-10-30T18:23:45.393325
24495221541,INVOICE,AMZN9093033,,AMZN9093033,24495221541,NOT_POSTED,2025-10-30T18:23:45.393328
24495221541,INVOICE,AMZN9094603,,AMZN9094603,24495221541,NOT_POSTED,2025-10-30T18:23:45.393331
24495221541,INVOICE,AMZN9102603,,AMZN9102603,24495221541,NOT_POSTED,2025-10-30T18:23:45.393334
24495221541,INVOICE,AMZN9274605,,AMZN9274605,24495221541,NOT_POSTED,2025-10-30T18:23:45.393338
24495221541,INVOICE,AMZN9357846,,AMZN9357846,24495221541,NOT_POSTED,2025-10-30T18:23:45.393341
24495221541,INVOICE,AMZN9463441,,AMZN9463441,24495221541,NOT_POSTED,2025-10-30T18:23:45.393344
24495221541,INVOICE,AMZN9481808,,AMZN9481808,24495221541,NOT_POSTED,2025-10-30T18:23:45.393347
24495221541,INVOICE,AMZN9489859,,AMZN9489859,24495221541,NOT_POSTED,2025-10-30T18:23:45.393350
24495221541,INVOICE,AMZN9505847,,AMZN9505847,24495221541,NOT_POSTED,2025-10-30T18:23:45.393353
24495221541,INVOICE,AMZN9540237,,AMZN9540237,24495221541,NOT_POSTED,2025-10-30T18:23:45.393356
24495221541,INVOICE,AMZN9622613,,AMZN9622613,24495221541,NOT_POSTED,2025-10-30T18:23:45.393359
24495221541,INVOICE,AMZN9693023,,AMZN9693023,24495221541,NOT_POSTED,2025-10-30T18:23:45.393363
24495221541,INVOICE,AMZN9894652,,AMZN9894652,24495221541,NOT_POSTED,2025-10-30T18:23:45.393366
24495221541,INVOICE,AMZN9944204,,AMZN9944204,24495221541,NOT_POSTED,2025-10-30T18:23:45.393369
24495221541,INVOICE,AMZN9968203,,AMZN9968203,24495221541,NOT_POSTED,2025-10-30T18:23:45.393372
24495221541,PAYMENT,24495221541,,,24495221541,NOT_POSTED,2025-10-30T18:23:45.393376
24596907561,JOURNAL,24596907561,,,24596907561,NOT_POSTED,2025-10-30T18:23:48.432899
24596907561,INVOICE,AMZN0259420,,AMZN0259420,24596907561,NOT_POSTED,2025-10-30T18:23:48.432910
24596907561,INVOICE,AMZN0282634,,AMZN0282634,24596907561,NOT_POSTED,2025-10-30T18:23:48.432913
24596907561,INVOICE,AMZN0285060,,AMZN0285060,24596907561,NOT_POSTED,2025-10-30T18:23:48.432916
24596907561,INVOICE,AMZN0336257,,AMZN0336257,24596907561,NOT_POSTED,2025-10-30T18:23:48.432919
24596907561,INVOICE,AMZN0350661,,AMZN0350661,24596907561,NOT_POSTED,2025-10-30T18:23:48.432921
24596907561,INVOICE,AMZN0382663,,AMZN0382663,24596907561,NOT_POSTED,2025-10-30T18:23:48.432923
24596907561,INVOICE,AMZN0397002,,AMZN0397002,24596907561,NOT_POSTED,2025-10-30T18:23:48.432928
24596907561,INVOICE,AMZN0408214,,AMZN0408214,24596907561,NOT_POSTED,2025-10-30T18:23:48.432930
24596907561,INVOICE,AMZN0414655,,AMZN0414655,24596907561,NOT_POSTED,2025-10-30T18:23:48.432933
24596907561,INVOICE,AMZN0477801,,AMZN0477801,24596907561,NOT_POSTED,2025-10-30T18:23:48.432935
24596907561,INVOICE,AMZN0478648,,AMZN0478648,24596907561,NOT_POSTED,2025-10-30T18:23:48.432938
24596907561,INVOICE,AMZN0506661,,AMZN0506661,24596907561,NOT_POSTED,2025-10-30T18:23:48.432940
24596907561,INVOICE,AMZN0551449,,AMZN0551449,24596907561,NOT_POSTED,2025-10-30T18:23:48.432943
24596907561,INVOICE,AMZN0656257,,AMZN0656257,24596907561,NOT_POSTED,2025-10-30T18:23:48.432945
24596907561,INVOICE,AMZN0658618,,AMZN0658618,24596907561,NOT_POSTED,2025-10-30T18:23:48.432948
24596907561,INVOICE,AMZN0771415,,AMZN0771415,24596907561,NOT_POSTED,2025-10-30T18:23:48.432950
24596907561,INVOICE,AMZN0845817,,AMZN0845817,24596907561,NOT_POSTED,2025-10-30T18:23:48.432953
24596907561,INVOICE,AMZN1046653,,AMZN1046653,24596907561,NOT_POSTED,2025-10-30T18:23:48.432955
24596907561,INVOICE,AMZN1063451,,AMZN1063451,24596907561,NOT_POSTED,2025-10-30T18:23:48.432958
24596907561,INVOICE,AMZN1187448,,AMZN1187448,24596907561,NOT_POSTED,2025-10-30T18:23:48.432960
24596907561,INVOICE,AMZN1211437,,AMZN1211437,24596907561,NOT_POSTED,2025-10-30T18:23:48.432963
24596907561,INVOICE,AMZN1234669,,AMZN1234669,24596907561,NOT_POSTED,2025-10-30T18:23:48.432966
24596907561,INVOICE,AMZN1260256,,AMZN1260256,24596907561,NOT_POSTED,2025-10-30T18:23:48.432968
24596907561,INVOICE,AMZN1270630,,AMZN1270630,24596907561,NOT_POSTED,2025-10-30T18:23:48.432971
24596907561,INVOICE,AMZN1389065,,AMZN1389065,24596907561,NOT_POSTED,2025-10-30T18:23:48.432973
24596907561,INVOICE,AMZN1444267,,AMZN1444267,24596907561,NOT_POSTED,2025-10-30T18:23:48.432975
24596907561,INVOICE,AMZN1667436,,AMZN1667436,24596907561,NOT_POSTED,2025-10-30T18:23:48.432978
24596907561,INVOICE,AMZN1754644,,AMZN1754644,24596907561,NOT_POSTED,2025-10-30T18:23:48.432980
24596907561,INVOICE,AMZN1880201,,AMZN1880201,24596907561,NOT_POSTED,2025-10-30T18:23:48.432983
24596907561,INVOICE,AMZN1957039,,AMZN1957039,24596907561,NOT_POSTED,2025-10-30T18:23:48.432985
24596907561,INVOICE,AMZN2010638,,AMZN2010638,24596907561,NOT_POSTED,2025-10-30T18:23:48.432988
24596907561,INVOICE,AMZN2054639,,AMZN2054639,24596907561,NOT_POSTED,2025-10-30T18:23:48.432990
24596907561,INVOICE,AMZN2184218,,AMZN2184218,24596907561,NOT_POSTED,2025-10-30T18:23:48.432993
24596907561,INVOICE,AMZN2353866,,AMZN2353866,24596907561,NOT_POSTED,2025-10-30T18:23:48.432995
24596907561,INVOICE,AMZN2354644,,AMZN2354644,24596907561,NOT_POSTED,2025-10-30T18:23:48.432997
24596907561,INVOICE,AMZN2457844,,AMZN2457844,24596907561,NOT_POSTED,2025-10-30T18:23:48.433000
24596907561,INVOICE,AMZN2589845,,AMZN2589845,24596907561,NOT_POSTED,2025-10-30T18:23:48.433002
24596907561,INVOICE,AMZN2676242,,AMZN2676242,24596907561,NOT_POSTED,2025-10-30T18:23:48.433004
24596907561,INVOICE,AMZN2748237,,AMZN2748237,24596907561,NOT_POSTED,2025-10-30T18:23:48.433007
24596907561,INVOICE,AMZN2848216,,AMZN2848216,24596907561,NOT_POSTED,2025-10-30T18:23:48.433009
24596907561,INVOICE,AMZN2863407,,AMZN2863407,24596907561,NOT_POSTED,2025-10-30T18:23:48.433011
24596907561,INVOICE,AMZN2963413,,AMZN2963413,24596907561,NOT_POSTED,2025-10-30T18:23:48.433014
24596907561,INVOICE,AMZN3100225,,AMZN3100225,24596907561,NOT_POSTED,2025-10-30T18:23:48.433016
24596907561,INVOICE,AMZN3115461,,AMZN3115461,24596907561,NOT_POSTED,2025-10-30T18:23:48.433018
24596907561,INVOICE,AMZN3124221,,AMZN3124221,24596907561,NOT_POSTED,2025-10-30T18:23:48.433021
24596907561,INVOICE,AMZN3149822,,AMZN3149822,24596907561,NOT_POSTED,2025-10-30T18:23:48.433023
24596907561,INVOICE,AMZN3253022,,AMZN3253022,24596907561,NOT_POSTED,2025-10-30T18:23:48.433025
24596907561,INVOICE,AMZN3303457,,AMZN3303457,24596907561,NOT_POSTED,2025-10-30T18:23:48.433028
24596907561,INVOICE,AMZN3310614,,AMZN3310614,24596907561,NOT_POSTED,2025-10-30T18:23:48.433030
24596907561,INVOICE,AMZN3413005,,AMZN3413005,24596907561,NOT_POSTED,2025-10-30T18:23:48.433033
24596907561,INVOICE,AMZN3433023,,AMZN3433023,24596907561,NOT_POSTED,2025-10-30T18:23:48.433036
24596907561,INVOICE,AMZN3518636,,AMZN3518636,24596907561,NOT_POSTED,2025-10-30T18:23:48.433038
24596907561,INVOICE,AMZN3619461,,AMZN3619461,24596907561,NOT_POSTED,2025-10-30T18:23:48.433041
24596907561,INVOICE,AMZN3658626,,AMZN3658626,24596907561,NOT_POSTED,2025-10-30T18:23:48.433043
24596907561,INVOICE,AMZN3751426,,AMZN3751426,24596907561,NOT_POSTED,2025-10-30T18:23:48.433046
24596907561,INVOICE,AMZN3812211,,AMZN3812211,24596907561,NOT_POSTED,2025-10-30T18:23:48.433048
24596907561,INVOICE,AMZN3860211,,AMZN3860211,24596907561,NOT_POSTED,2025-10-30T18:23:48.433051
24596907561,INVOICE,AMZN4034633,,AMZN4034633,24596907561,NOT_POSTED,2025-10-30T18:23:48.433053
24596907561,INVOICE,AMZN4049066,,AMZN4049066,24596907561,NOT_POSTED,2025-10-30T18:23:48.433055
24596907561,INVOICE,AMZN4294604,,AMZN4294604,24596907561,NOT_POSTED,2025-10-30T18:23:48.433058
24596907561,INVOICE,AMZN4352236,,AMZN4352236,24596907561,NOT_POSTED,2025-10-30T18:23:48.433060
24596907561,INVOICE,AMZN4370615,,AMZN4370615,24596907561,NOT_POSTED,2025-10-30T18:23:48.433063
24596907561,INVOICE,AMZN4497828,,AMZN4497828,24596907561,NOT_POSTED,2025-10-30T18:23:48.433065
24596907561,INVOICE,AMZN4507460,,AMZN4507460,24596907561,NOT_POSTED,2025-10-30T18:23:48.433067
24596907561,INVOICE,AMZN4514654,,AMZN4514654,24596907561,NOT_POSTED,2025-10-30T18:23:48.433070
24596907561,INVOICE,AMZN4569859,,AMZN4569859,24596907561,NOT_POSTED,2025-10-30T18:23:48.433072
24596907561,INVOICE,AMZN4657856,,AMZN4657856,24596907561,NOT_POSTED,2025-10-30T18:23:48.433074
24596907561,INVOICE,AMZN4671456,,AMZN4671456,24596907561,NOT_POSTED,2025-10-30T18:23:48.433077
24596907561,INVOICE,AMZN4688244,,AMZN4688244,24596907561,NOT_POSTED,2025-10-30T18:23:48.433079
24596907561,INVOICE,AMZN4738660,,AMZN4738660,24596907561,NOT_POSTED,2025-10-30T18:23:48.433082
24596907561,INVOICE,AMZN4758606,,AMZN4758606,24596907561,NOT_POSTED,2025-10-30T18:23:48.433084
24596907561,INVOICE,AMZN5092255,,AMZN5092255,24596907561,NOT_POSTED,2025-10-30T18:23:48.433086
24596907561,INVOICE,AMZN5100700,,AMZN5100700,24596907561,NOT_POSTED,2025-10-30T18:23:48.433089
24596907561,INVOICE,AMZN5129827,,AMZN5129827,24596907561,NOT_POSTED,2025-10-30T18:23:48.433091
24596907561,INVOICE,AMZN5149832,,AMZN5149832,24596907561,NOT_POSTED,2025-10-30T18:23:48.433094
24596907561,INVOICE,AMZN5270639,,AMZN5270639,24596907561,NOT_POSTED,2025-10-30T18:23:48.433096
24596907561,INVOICE,AMZN5303411,,AMZN5303411,24596907561,NOT_POSTED,2025-10-30T18:23:48.433098
24596907561,INVOICE,AMZN5384266,,AMZN5384266,24596907561,NOT_POSTED,2025-10-30T18:23:48.433100
24596907561,INVOICE,AMZN5564258,,AMZN5564258,24596907561,NOT_POSTED,2025-10-30T18:23:48.433103
24596907561,INVOICE,AMZN5611425,,AMZN5611425,24596907561,NOT_POSTED,2025-10-30T18:23:48.433105
24596907561,INVOICE,AMZN5665052,,AMZN5665052,24596907561,NOT_POSTED,2025-10-30T18:23:48.433107
24596907561,INVOICE,AMZN5757822,,AMZN5757822,24596907561,NOT_POSTED,2025-10-30T18:23:48.433110
24596907561,INVOICE,AMZN5787456,,AMZN5787456,24596907561,NOT_POSTED,2025-10-30T18:23:48.433112
24596907561,INVOICE,AMZN5797868,,AMZN5797868,24596907561,NOT_POSTED,2025-10-30T18:23:48.433115
24596907561,INVOICE,AMZN6040252,,AMZN6040252,24596907561,NOT_POSTED,2025-10-30T18:23:48.433117
24596907561,INVOICE,AMZN6053047,,AMZN6053047,24596907561,NOT_POSTED,2025-10-30T18:23:48.433120
24596907561,INVOICE,AMZN6106620,,AMZN6106620,24596907561,NOT_POSTED,2025-10-30T18:23:48.433122
24596907561,INVOICE,AMZN6126618,,AMZN6126618,24596907561,NOT_POSTED,2025-10-30T18:23:48.433124
24596907561,INVOICE,AMZN6361000,,AMZN6361000,24596907561,NOT_POSTED,2025-10-30T18:23:48.433127
24596907561,INVOICE,AMZN6501004,,AMZN6501004,24596907561,NOT_POSTED,2025-10-30T18:23:48.433129
24596907561,INVOICE,AMZN6572229,,AMZN6572229,24596907561,NOT_POSTED,2025-10-30T18:23:48.433131
24596907561,INVOICE,AMZN6645035,,AMZN6645035,24596907561,NOT_POSTED,2025-10-30T18:23:48.433133
24596907561,INVOICE,AMZN6671424,,AMZN6671424,24596907561,NOT_POSTED,2025-10-30T18:23:48.433136
24596907561,INVOICE,AMZN6683430,,AMZN6683430,24596907561,NOT_POSTED,2025-10-30T18:23:48.433138
24596907561,INVOICE,AMZN6727421,,AMZN6727421,24596907561,NOT_POSTED,2025-10-30T18:23:48.433141
24596907561,INVOICE,AMZN6729807,,AMZN6729807,24596907561,NOT_POSTED,2025-10-30T18:23:48.433143
24596907561,INVOICE,AMZN6766609,,AMZN6766609,24596907561,NOT_POSTED,2025-10-30T18:23:48.433145
24596907561,INVOICE,AMZN6767429,,AMZN6767429,24596907561,NOT_POSTED,2025-10-30T18:23:48.433147
24596907561,INVOICE,AMZN6862652,,AMZN6862652,24596907561,NOT_POSTED,2025-10-30T18:23:48.433151
24596907561,INVOICE,AMZN6926639,,AMZN6926639,24596907561,NOT_POSTED,2025-10-30T18:23:48.433153
24596907561,INVOICE,AMZN7071459,,AMZN7071459,24596907561,NOT_POSTED,2025-10-30T18:23:48.433155
24596907561,INVOICE,AMZN7116204,,AMZN7116204,24596907561,NOT_POSTED,2025-10-30T18:23:48.433157
24596907561,INVOICE,AMZN7133822,,AMZN7133822,24596907561,NOT_POSTED,2025-10-30T18:23:48.433160
24596907561,INVOICE,AMZN7145054,,AMZN7145054,24596907561,NOT_POSTED,2025-10-30T18:23:48.433162
24596907561,INVOICE,AMZN7229846,,AMZN7229846,24596907561,NOT_POSTED,2025-10-30T18:23:48.433164
24596907561,INVOICE,AMZN7248211,,AMZN7248211,24596907561,NOT_POSTED,2025-10-30T18:23:48.433167
24596907561,INVOICE,AMZN7309074,,AMZN7309074,24596907561,NOT_POSTED,2025-10-30T18:23:48.433169
24596907561,INVOICE,AMZN7372200,,AMZN7372200,24596907561,NOT_POSTED,2025-10-30T18:23:48.433171
24596907561,INVOICE,AMZN7492268,,AMZN7492268,24596907561,NOT_POSTED,2025-10-30T18:23:48.433174
24596907561,INVOICE,AMZN7658647,,AMZN7658647,24596907561,NOT_POSTED,2025-10-30T18:23:48.433176
24596907561,INVOICE,AMZN7681015,,AMZN7681015,24596907561,NOT_POSTED,2025-10-30T18:23:48.433179
24596907561,INVOICE,AMZN7703462,,AMZN7703462,24596907561,NOT_POSTED,2025-10-30T18:23:48.433181
24596907561,INVOICE,AMZN7859443,,AMZN7859443,24596907561,NOT_POSTED,2025-10-30T18:23:48.433183
24596907561,INVOICE,AMZN7911412,,AMZN7911412,24596907561,NOT_POSTED,2025-10-30T18:23:48.433185
24596907561,INVOICE,AMZN7937815,,AMZN7937815,24596907561,NOT_POSTED,2025-10-30T18:23:48.433188
24596907561,INVOICE,AMZN8046643,,AMZN8046643,24596907561,NOT_POSTED,2025-10-30T18:23:48.433190
24596907561,INVOICE,AMZN8120255,,AMZN8120255,24596907561,NOT_POSTED,2025-10-30T18:23:48.433192
24596907561,INVOICE,AMZN8331458,,AMZN8331458,24596907561,NOT_POSTED,2025-10-30T18:23:48.433195
24596907561,INVOICE,AMZN8454624,,AMZN8454624,24596907561,NOT_POSTED,2025-10-30T18:23:48.433197
24596907561,INVOICE,AMZN8489020,,AMZN8489020,24596907561,NOT_POSTED,2025-10-30T18:23:48.433199
24596907561,INVOICE,AMZN8502622,,AMZN8502622,24596907561,NOT_POSTED,2025-10-30T18:23:48.433202
24596907561,INVOICE,AMZN8569065,,AMZN8569065,24596907561,NOT_POSTED,2025-10-30T18:23:48.433204
24596907561,INVOICE,AMZN8648220,,AMZN8648220,24596907561,NOT_POSTED,2025-10-30T18:23:48.433206
24596907561,INVOICE,AMZN8655404,,AMZN8655404,24596907561,NOT_POSTED,2025-10-30T18:23:48.433208
24596907561,INVOICE,AMZN8748265,,AMZN8748265,24596907561,NOT_POSTED,2025-10-30T18:23:48.433211
24596907561,INVOICE,AMZN8823443,,AMZN8823443,24596907561,NOT_POSTED,2025-10-30T18:23:48.433213
24596907561,INVOICE,AMZN8896217,,AMZN8896217,24596907561,NOT_POSTED,2025-10-30T18:23:48.433216
24596907561,INVOICE,AMZN8905857,,AMZN8905857,24596907561,NOT_POSTED,2025-10-30T18:23:48.433218
24596907561,INVOICE,AMZN9155436,,AMZN9155436,24596907561,NOT_POSTED,2025-10-30T18:23:48.433220
24596907561,INVOICE,AMZN9165048,,AMZN9165048,24596907561,NOT_POSTED,2025-10-30T18:23:48.433223
24596907561,INVOICE,AMZN9175458,,AMZN9175458,24596907561,NOT_POSTED,2025-10-30T18:23:48.433225
24596907561,INVOICE,AMZN9189046,,AMZN9189046,24596907561,NOT_POSTED,2025-10-30T18:23:48.433227
24596907561,INVOICE,AMZN9250617,,AMZN9250617,24596907561,NOT_POSTED,2025-10-30T18:23:48.433229
24596907561,INVOICE,AMZN9311424,,AMZN9311424,24596907561,NOT_POSTED,2025-10-30T18:23:48.433232
24596907561,INVOICE,AMZN9332252,,AMZN9332252,24596907561,NOT_POSTED,2025-10-30T18:23:48.433234
24596907561,INVOICE,AMZN9335477,,AMZN9335477,24596907561,NOT_POSTED,2025-10-30T18:23:48.433236
24596907561,INVOICE,AMZN9426615,,AMZN9426615,24596907561,NOT_POSTED,2025-10-30T18:23:48.433239
24596907561,INVOICE,AMZN9613058,,AMZN9613058,24596907561,NOT_POSTED,2025-10-30T18:23:48.433241
24596907561,INVOICE,AMZN9699464,,AMZN9699464,24596907561,NOT_POSTED,2025-10-30T18:23:48.433243
24596907561,INVOICE,AMZN9775446,,AMZN9775446,24596907561,NOT_POSTED,2025-10-30T18:23:48.433246
24596907561,INVOICE,AMZN9830619,,AMZN9830619,24596907561,NOT_POSTED,2025-10-30T18:23:48.433248
24596907561,INVOICE,AMZN9889819,,AMZN9889819,24596907561,NOT_POSTED,2025-10-30T18:23:48.433250
24596907561,INVOICE,AMZN9953863,,AMZN9953863,24596907561,NOT_POSTED,2025-10-30T18:23:48.433253
24596907561,PAYMENT,24596907561,,,24596907561,NOT_POSTED,2025-10-30T18:23:48.433256
